id;ciudad;departamento;pais
1;Calidad Rojo a;Madera sinergia navigate;multi-byte empresa Azul
2;Avanzado;Parcela systems Genérico;hibrida
3;transmit hack;online;Real Amarillo
4;utilize HDD;vortals Multi;withdrawal Investment Estratega
5;Bedfordshire Azul system;Metal;Estratega end-to-end
6;Amarillo Uruguayo Aragón;Metal;withdrawal
7;Entrada compressing Nacional;unleash;Guapa
8;Nigeria Vasco;scale dinámica;iniciativa content array
9;Ucrania Pequeño Silla;deposit Teclado HDD;potenciada redundant
10;RAM bypassing;Increible Granito Ergonómico;Videojuegos Aplicaciones
